<?xml version="1.0" encoding="UTF-8"?>
<Configuration status="debug" strict="true"
               name="XMLConfigTest" packages="org.apache.logging.log4j.test">
    <Filter type="ThresholdFilter" level="trace"/>

    <Appenders>
        <Console name="STDOUT">
            <PatternLayout pattern="%d{HH:mm:ss.SSS} - %msg%n"/>
        </Console>
        <RollingFile name="rollingFile"
                     fileName="logs/log4j2.log"
                     filePattern="logs/$${date:yyyy-MM}/app-%d{MM-dd-yyyy}-%i.log.gz">
            <PatternLayout>
                <Pattern>%d %p %c{1.} [%t] %m%n</Pattern>
            </PatternLayout>
            <Policies>
                <TimeBasedTriggeringPolicy interval="1"/>
                <SizeBasedTriggeringPolicy
                        size="10 MB"/>
            </Policies>
        </RollingFile>
    </Appenders>

    <Loggers>
        <!-- Root Logger -->
        <Root level="trace">
            <AppenderRef ref="STDOUT"/>
            <AppenderRef ref="rollingFile"/>
        </Root>
    </Loggers>

</Configuration>